{"cameraMode":{"drawMode":0,"name":"Shaded","section":"Shading Mode"},"sceneLighting":false,"audioPlay":false,"sceneViewState":{"showFog":true,"showMaterialUpdate":false,"showSkybox":true,"showFlares":true,"showImageEffects":true,"showParticleSystems":true,"showVisualEffectGraphs":true,"m_FxEnabled":true},"in2DMode":false,"pivot":{"x":-4.694752216339111,"y":-0.7361602783203125,"z":1.9660933017730713},"rotation":{"x":0.5231440663337708,"y":-0.008380509912967682,"z":0.005250393878668547,"w":0.8523147106170654},"size":5.6699957847595219,"orthographic":false}