{"cameraMode":{"drawMode":0,"name":"Shaded","section":"Shading Mode"},"sceneLighting":true,"audioPlay":false,"sceneViewState":{"showFog":true,"showMaterialUpdate":false,"showSkybox":true,"showFlares":true,"showImageEffects":true,"showParticleSystems":true,"showVisualEffectGraphs":true,"m_FxEnabled":true},"in2DMode":false,"pivot":{"x":-2.6568374633789064,"y":2.4052650928497316,"z":-0.4152719974517822},"rotation":{"x":0.3898960053920746,"y":0.011671137996017933,"z":-0.004775368142873049,"w":0.9208988547325134},"size":2.261617660522461,"orthographic":false}