{"cameraMode":{"drawMode":0,"name":"Shaded","section":"Shading Mode"},"sceneLighting":true,"audioPlay":false,"sceneViewState":{"showFog":true,"showMaterialUpdate":false,"showSkybox":true,"showFlares":true,"showImageEffects":true,"showParticleSystems":true,"showVisualEffectGraphs":true,"m_FxEnabled":true},"in2DMode":false,"pivot":{"x":-1.9400650262832642,"y":1.1959866285324097,"z":-0.06119838356971741},"rotation":{"x":0.3898960053920746,"y":0.011671137996017933,"z":-0.004775368142873049,"w":0.9208988547325134},"size":2.7639989852905275,"orthographic":false}