{"cameraMode":{"drawMode":0,"name":"Shaded","section":"Shading Mode"},"sceneLighting":true,"audioPlay":false,"sceneViewState":{"showFog":true,"showMaterialUpdate":false,"showSkybox":true,"showFlares":true,"showImageEffects":true,"showParticleSystems":true,"showVisualEffectGraphs":true,"m_FxEnabled":true},"in2DMode":false,"pivot":{"x":5.966279983520508,"y":3.1629676818847658,"z":-0.7906546592712402},"rotation":{"x":-0.3857826590538025,"y":-0.005572561640292406,"z":0.002286951756104827,"w":-0.9227266311645508},"size":2.8562827110290529,"orthographic":false}