{"cameraMode":{"drawMode":0,"name":"Shaded","section":"Shading Mode"},"sceneLighting":false,"audioPlay":false,"sceneViewState":{"showFog":true,"showMaterialUpdate":false,"showSkybox":true,"showFlares":true,"showImageEffects":true,"showParticleSystems":true,"showVisualEffectGraphs":true,"m_FxEnabled":true},"in2DMode":false,"pivot":{"x":4.752003192901611,"y":1.3665351867675782,"z":-0.7773232460021973},"rotation":{"x":0.26530057191848757,"y":-0.009511992335319519,"z":0.0027053169906139375,"w":0.9642289280891419},"size":0.6639989614486694,"orthographic":false}