{"cameraMode":{"drawMode":0,"name":"Shaded","section":"Shading Mode"},"sceneLighting":true,"audioPlay":false,"sceneViewState":{"showFog":true,"showMaterialUpdate":false,"showSkybox":true,"showFlares":true,"showImageEffects":true,"showParticleSystems":true,"showVisualEffectGraphs":true,"m_FxEnabled":true},"in2DMode":false,"pivot":{"x":7.525318145751953,"y":3.9989569187164308,"z":7.509392261505127},"rotation":{"x":0.00010503891098778695,"y":0.9998782277107239,"z":-0.01649964042007923,"w":0.004500463139265776},"size":0.23373085260391236,"orthographic":false}