{"cameraMode":{"drawMode":0,"name":"Shaded","section":"Shading Mode"},"sceneLighting":true,"audioPlay":false,"sceneViewState":{"showFog":true,"showMaterialUpdate":false,"showSkybox":true,"showFlares":true,"showImageEffects":true,"showParticleSystems":true,"showVisualEffectGraphs":true,"m_FxEnabled":true},"in2DMode":false,"pivot":{"x":1.226880431175232,"y":0.9440677165985107,"z":-0.33595550060272219},"rotation":{"x":0.3898960053920746,"y":0.011671137996017933,"z":-0.004775368142873049,"w":0.9208988547325134},"size":4.56675910949707,"orthographic":false}