{"cameraMode":{"drawMode":0,"name":"Shaded","section":"Shading Mode"},"sceneLighting":true,"audioPlay":false,"sceneViewState":{"showFog":true,"showMaterialUpdate":false,"showSkybox":true,"showFlares":true,"showImageEffects":true,"showParticleSystems":true},"in2DMode":false,"pivot":{"x":21.508176803588868,"y":-25.883726119995118,"z":-94.95722198486328},"rotation":{"x":0.001484001986682415,"y":0.9964486956596375,"z":-0.08239445090293884,"w":0.017937257885932924},"size":79.43675994873047,"orthographic":false}