{"cameraMode":{"drawMode":0,"name":"Shaded","section":"Shading Mode"},"sceneLighting":true,"audioPlay":false,"sceneViewState":{"showFog":true,"showMaterialUpdate":false,"showSkybox":true,"showFlares":true,"showImageEffects":true,"showParticleSystems":true},"in2DMode":false,"pivot":{"x":11.563606262207032,"y":-0.5268921852111816,"z":-23.236053466796876},"rotation":{"x":-0.0007129887235350907,"y":0.9986737370491028,"z":-0.04978502541780472,"w":-0.014366010203957558},"size":19.84400177001953,"orthographic":false}