{"cameraMode":{"drawMode":0,"name":"Shaded","section":"Shading Mode"},"sceneLighting":false,"audioPlay":false,"sceneViewState":{"showFog":true,"showMaterialUpdate":false,"showSkybox":false,"showFlares":true,"showImageEffects":true,"showParticleSystems":true,"showVisualEffectGraphs":true,"m_FxEnabled":true},"in2DMode":false,"pivot":{"x":11.59000015258789,"y":4.079999923706055,"z":0.2500000596046448},"rotation":{"x":0.0026056701317429544,"y":-0.9973790645599365,"z":0.05391083285212517,"w":0.048206865787506106},"size":12.950174331665039,"orthographic":false}