{"cameraMode":{"drawMode":0,"name":"Shaded","section":"Shading Mode"},"sceneLighting":true,"audioPlay":false,"sceneViewState":{"showFog":true,"showMaterialUpdate":false,"showSkybox":true,"showFlares":true,"showImageEffects":true,"showParticleSystems":true,"showVisualEffectGraphs":true,"m_FxEnabled":true},"in2DMode":false,"pivot":{"x":0.8607240319252014,"y":12.67029094696045,"z":-8.941100120544434},"rotation":{"x":-0.3943038880825043,"y":-0.0008301879279315472,"z":0.0003560527984518558,"w":-0.918983519077301},"size":0.6164919137954712,"orthographic":false}