{"cameraMode":{"drawMode":0,"name":"Shaded","section":"Shading Mode"},"sceneLighting":true,"audioPlay":false,"sceneViewState":{"showFog":true,"showMaterialUpdate":false,"showSkybox":true,"showFlares":true,"showImageEffects":true,"showParticleSystems":true,"showVisualEffectGraphs":true,"m_FxEnabled":true},"in2DMode":false,"pivot":{"x":9.662196159362793,"y":1.1818934679031373,"z":0.046628475189208987},"rotation":{"x":-0.2436472475528717,"y":-0.03723534196615219,"z":0.009361331351101399,"w":-0.9691083431243897},"size":4.833456516265869,"orthographic":false}