{"cameraMode":{"drawMode":0,"name":"Shaded","section":"Shading Mode"},"sceneLighting":true,"audioPlay":false,"sceneViewState":{"showFog":true,"showMaterialUpdate":false,"showSkybox":true,"showFlares":true,"showImageEffects":true,"showParticleSystems":true,"showVisualEffectGraphs":true,"m_FxEnabled":false},"in2DMode":false,"pivot":{"x":22.90111541748047,"y":5.629180908203125,"z":4.122410774230957},"rotation":{"x":0.32262200117111208,"y":0.00454021617770195,"z":-0.001546083833090961,"w":0.9465251564979553},"size":21.260761260986329,"orthographic":false}