{"cameraMode":{"drawMode":0,"name":"Shaded","section":"Shading Mode"},"sceneLighting":true,"audioPlay":false,"sceneViewState":{"showFog":true,"showMaterialUpdate":false,"showSkybox":true,"showFlares":true,"showImageEffects":true,"showParticleSystems":true,"showVisualEffectGraphs":true,"m_FxEnabled":true},"in2DMode":false,"pivot":{"x":0.45058581233024599,"y":0.11558675765991211,"z":-1.3514864444732667},"rotation":{"x":-0.5654184818267822,"y":-0.04153074324131012,"z":0.028523188084363939,"w":-0.8232706189155579},"size":2.298445701599121,"orthographic":false}