{"cameraMode":{"drawMode":0,"name":"Shaded","section":"Shading Mode"},"sceneLighting":true,"audioPlay":false,"sceneViewState":{"showFog":true,"showMaterialUpdate":false,"showSkybox":true,"showFlares":true,"showImageEffects":true,"showParticleSystems":true,"showVisualEffectGraphs":true,"m_FxEnabled":true},"in2DMode":false,"pivot":{"x":9.024744033813477,"y":-0.8536813259124756,"z":-1.1816213130950928},"rotation":{"x":-0.38594892621040347,"y":-0.01743725687265396,"z":0.00729654124006629,"w":-0.9223320484161377},"size":3.1984455585479738,"orthographic":false}