{"cameraMode":{"drawMode":0,"name":"Shaded","section":"Shading Mode"},"sceneLighting":true,"audioPlay":false,"sceneViewState":{"showFog":true,"showMaterialUpdate":false,"showSkybox":true,"showFlares":true,"showImageEffects":true,"showParticleSystems":true,"showVisualEffectGraphs":true,"m_FxEnabled":true},"in2DMode":false,"pivot":{"x":-3.5098624229431154,"y":-0.42115020751953127,"z":-0.2683138847351074},"rotation":{"x":-0.38594892621040347,"y":-0.01743725687265396,"z":0.00729654124006629,"w":-0.9223320484161377},"size":4.533456325531006,"orthographic":false}