{"cameraMode":{"drawMode":0,"name":"Shaded","section":"Shading Mode"},"sceneLighting":true,"audioPlay":false,"sceneViewState":{"showFog":true,"showMaterialUpdate":false,"showSkybox":true,"showFlares":true,"showImageEffects":true,"showParticleSystems":true,"showVisualEffectGraphs":true,"m_FxEnabled":true},"in2DMode":false,"pivot":{"x":9.008733749389649,"y":0.36248183250427248,"z":-2.0470638275146486},"rotation":{"x":-0.6318433880805969,"y":0.023704254999756814,"z":-0.019338514655828477,"w":-0.7744953632354736},"size":6.007377624511719,"orthographic":false}