{"cameraMode":{"drawMode":0,"name":"Shaded","section":"Shading Mode"},"sceneLighting":true,"audioPlay":false,"sceneViewState":{"showFog":true,"showMaterialUpdate":false,"showSkybox":true,"showFlares":true,"showImageEffects":true,"showParticleSystems":true,"showVisualEffectGraphs":true,"m_FxEnabled":true},"in2DMode":false,"pivot":{"x":1.5774145126342774,"y":-0.1139535903930664,"z":-0.48697662353515627},"rotation":{"x":-0.3143610954284668,"y":0.01195762399584055,"z":-0.003960347268730402,"w":-0.9492229223251343},"size":8.593408584594727,"orthographic":false}