{"cameraMode":{"drawMode":0,"name":"Shaded","section":"Shading Mode"},"sceneLighting":true,"audioPlay":false,"sceneViewState":{"showFog":true,"showMaterialUpdate":false,"showSkybox":true,"showFlares":true,"showImageEffects":true,"showParticleSystems":true,"showVisualEffectGraphs":true,"m_FxEnabled":true},"in2DMode":false,"pivot":{"x":0.3615820109844208,"y":11.246476173400879,"z":-8.371853828430176},"rotation":{"x":-0.4700206220149994,"y":-0.000797647750005126,"z":0.0004240564303472638,"w":-0.8826658129692078},"size":1.4885069131851197,"orthographic":false}