{"cameraMode":{"drawMode":0,"name":"Shaded","section":"Shading Mode"},"sceneLighting":true,"audioPlay":false,"sceneViewState":{"showFog":true,"showMaterialUpdate":false,"showSkybox":true,"showFlares":true,"showImageEffects":true,"showParticleSystems":true,"showVisualEffectGraphs":true,"m_FxEnabled":true},"in2DMode":false,"pivot":{"x":2.8720543384552,"y":1.7944774627685547,"z":0.30574333667755129},"rotation":{"x":-0.704566240310669,"y":-0.0017053817864507437,"z":0.0016934541054069996,"w":-0.7096422910690308},"size":2.8984456062316896,"orthographic":false}