{"cameraMode":{"drawMode":0,"name":"Shaded","section":"Shading Mode"},"sceneLighting":true,"audioPlay":false,"sceneViewState":{"showFog":true,"showMaterialUpdate":false,"showSkybox":true,"showFlares":true,"showImageEffects":true,"showParticleSystems":true,"showVisualEffectGraphs":true,"m_FxEnabled":true},"in2DMode":false,"pivot":{"x":0.18982282280921937,"y":3.0087504386901857,"z":-0.5202386379241943},"rotation":{"x":-0.3143610954284668,"y":0.01195762399584055,"z":-0.003960347268730402,"w":-0.9492229223251343},"size":5.966029167175293,"orthographic":false}